config,method,bilateral_diameter,bilateral_sigma_color,bilateral_sigma_space,guided_radius,guided_eps,tmin,gamma,psnr,ssim,mae,mse,lpips
bilateral_sc005,bilateral,15,0.05,15,8,0.001,0.1,0.8,18.33106,0.6181100000000002,0.11396999999999999,0.01975,0.25775
bilateral_sc010,bilateral,15,0.1,15,8,0.001,0.1,0.8,18.30939,0.61091,0.11346,0.0196,0.25439
bilateral_sc020,bilateral,15,0.2,15,8,0.001,0.1,0.8,18.27774,0.60573,0.11344000000000001,0.0196,0.25421
