config,method,bilateral_diameter,bilateral_sigma_color,bilateral_sigma_space,guided_radius,guided_eps,tmin,gamma,psnr,ssim,mae,mse,lpips
guided_gamma06,guided,15,0.1,15,8,0.001,0.1,0.6,12.224329999999998,0.6090099999999999,0.24033000000000002,0.06747,0.24297999999999997
guided_gamma08,guided,15,0.1,15,8,0.001,0.1,0.8,18.45914,0.62854,0.11222000000000001,0.01928,0.24857
guided_gamma10,guided,15,0.1,15,8,0.001,0.1,1.0,14.35496,0.536,0.16711,0.040959999999999996,0.31477999999999995
